30;33;7;470,475,543,485,466,501,538,498,430,439,446,444,433,486,467,454,484,443,532,464,492,443,433,478,477,467,444,473,441,437,416,434,429,463,437,467,428,442,537,431,464,471,487,473,448,480,440,453,439,441,440,485,431,467,494,430,405,447,432,446,465,438,486,428,456,463,442,485,451,438,420,417,463,413,398,470,438,456,422,431,415,411,444,451,468,442,435,449,459,461,455,468,473,427,522,452,552,426,422,476,447,449,448,422,437,424,433,476,438,470,454,527,448,432,434,405,495,503,449,422,470,437,455,443,469,449,425,449,430,481,435,516,430,445,432,444,450,415,436,474,488,459,463,524,451,433,477,445,433,445,463,467,447,545,530,463,486,479,440,453,552,496,470,482,472,436,444,457,468,459,466,484,447,460,476,451,453,478,441,438,462,455,479,462,443,461,504,452,460,442,413,425,452,449,428,446,522,462,446,424,459,425,426,503,441,435,445,447,421,437,473,465,434,441,454,474,465,461,419,556,487,469,433,429,441,429,446,442,411,440,415,471,471,471,443,463,539,528,440,441,428,415,468,429,439,425,403,458,430,403,481,435,435,394,400,447,460,419,441,456,470,465,425,457,503,440,423,417,425,484,431,409,466,476,482,427,452,468,430,444,523,453,425,425,466,472,441,432,431,536,481,431,431,475,512,451,452,645,496,443,481,474,476,478,475,487,523,479,455,481,504,485,497,484,490,566,459,482,435,448,433,479,467,442,428,412,482,439,453,423,427,417,414,428,418,427,482,439,408,428,409,422,469,551,457,438,454,452,466,428,458,465,470,445,447,455,453,444,555,504,455,498,470,420,449,420,415,433,436,406,423,451,409,390,424,425,450,454,406,404,447,484,423,443,413,402,468,435,423,432,440,436,508,513,434,522,483,424,420,477,443,456,456,476,441,459,465,452,471,455,493,454,519,661,579,484,458,517,489,447,441,445,469,440,434,452,452,482,424,495,459,420,508,442,418,416,425,415,425,437,427,434,434,456,420,415,429,457,510,436,454,468,436,423,458,435,422,470,453,444,522,475,507,562,502,483,481,463,510,475,464,438,480,427,418,425,463,454,483,450,458,507,461,445,472,474,434,448,445,438,477,511,434,441,419,437,435,417,426,426,443,411,411,602,443,430,420,423,448,413,393,451,418,435,473,429,417,468,425,459,409,406,446,442,450,465,446,451,425,417,428,429,442,486,426,671,487,464,442,465,473,465,486,467,463,460,443,452,484,523,482,483,602,481,513,504,493,454,448,466,477,460,459,453,494,520,570,495,455,447,431,426,415,383,407,418,417,414,395,420,442,458,487,410,389,438,418,426,411,445,446,427,465,410,468,442,442,440,454,418,448
4;28;43;936,946,937,914,937,934,923,932,930,926,931,922,924,926,932,931,918,929,924,931,918,927,922,922,923,914,922,917,919,916,933,925,925,911,930,935,929,944,935,921,928,938,927,942,928,935,929,930,930,925,933,917,928,932,909,915,916,928,928,926,929,927,935,916,925,910,920,915,962,952,943,937,932,926,931,909,943,912,929,908,917,914,921,931,931,930,919,933,928,930,927,928,930,929,920,924,908,929,933,937,932,926,926,923,906,926,918,924,917,924,936,933,941,932,925,914,913,925,928,908,903,930,920,929,911,935,909,929,907,932,925,924,929,929,922,927,937,928,926,936,920,930,939,933,922,928,933,924,920,938,928,938,925,930,928,922,920,923,942,935,929,921,925,939,918,912,927,937,915,914,923,914,925,921,932,921,929,922,934,940,941,932,934,937,928,929,936,937,933,937,932,923,934,931,928,923,928,931,921,930,921,917,918,926,922,932,931,932,939,934,933,943,928,910,926,925,937,920,919,913,929,932,926,921,914,917,919,920,940,948,917,918,927,928,913,923,912,926,915,930,923,931,927,938,927,931,917,912,927,929,928,922,931,927,932,925,918,929,923,921,909,917,921,923,916,918,912,919,930,921,936,934,932,942,922,931,934,936,929,932,929,941,921,930,927,932,918,918,930,929,924,937,931,915,934,932,924,935,924,925,929,926,916,933,945,922,920,920,931,933,931,930,927,927,940,935,919,918,932,928,929,925,917,922,928,921,931,916,911,926,920,913,913,906,921,911,919,917,922,911,925,931,935,938,932,934,936,931,942,929,942,929,937,935,938,935,936,927,927,927,940,933,929,929,920,919,917,911,905,913,925,925,926,928,935,934,942,930,939,918,933,947,942,940,931,916,918,912,921,929,919,934,930,924,931,923,927,942,917,920,932,930,942,927,924,930,924,922,930,941,922,910,923,958,924,910,909,912,905,922,908,929,907,923,915,922,924,924,920,916,919,922,925,918,933,940,933,918,924,926,924,920,920,924,924,913,917,923,938,920,938,928,933,934,932,938,945,942,939,934,933,935,926,926,931,936,928,940,927,934,916,927,919,911,926,908,922,935,929,931,941,932,935,931,922,931,938,929,938,931,921,919,924,923,914,923,929,918,940,930,927,924,918,921,938,911,932,919,926,914,918,924,915,924,919,927,921,933,922,930,919,922,941,939,933,926,932,927,927,904,919,915,924,923,932,945,934,927,927,916,930,934,935,936,925,921,915,925,927,941,918,934,937,918,926,934,930,926,923,921,926,926,925,929,932,931,932,927,921,926,938,917,923,909,895,918,920,934,921,916,931,935,932,926,933,920,928,913,919,915,917,917,929,928,945,932,939,939,943,920,925
24;27;41;1745,1742,1731,1738,1759,1746,1750,1756,1747,1744,1747,1744,1758,1743,1731,1743,1730,1754,1731,1754,1733,1738,1745,1749,1725,1719,1719,1740,1761,1743,1746,1740,1737,1735,1744,1730,1732,1754,1737,1761,1774,1749,1756,1753,1749,1758,1749,1739,1731,1761,1742,1742,1759,1751,1769,1751,1732,1728,1757,1744,1741,1744,1734,1733,1733,1733,1728,1754,1780,1766,1752,1731,1757,1724,1738,1742,1743,1752,1730,1734,1732,1741,1766,1760,1733,1732,1745,1755,1753,1752,1745,1735,1751,1729,1732,1755,1750,1755,1742,1751,1718,1748,1738,1757,1741,1721,1730,1727,1725,1725,1759,1775,1765,1765,1764,1764,1751,1756,1738,1732,1779,1762,1749,1731,1717,1744,1743,1734,1756,1723,1738,1748,1757,1760,1740,1733,1733,1736,1740,1759,1743,1745,1754,1754,1751,1760,1752,1750,1750,1757,1739,1739,1743,1728,1741,1747,1744,1739,1757,1742,1741,1765,1750,1731,1734,1731,1743,1753,1751,1727,1744,1723,1739,1744,1751,1748,1737,1751,1771,1747,1758,1739,1758,1756,1747,1717,1750,1744,1745,1737,1743,1763,1740,1759,1749,1735,1748,1744,1728,1727,1750,1743,1723,1746,1743,1725,1723,1749,1749,1736,1738,1750,1734,1742,1765,1729,1749,1751,1729,1754,1761,1737,1748,1742,1741,1745,1737,1742,1765,1755,1753,1742,1741,1730,1745,1727,1749,1736,1754,1761,1751,1743,1746,1764,1741,1736,1751,1752,1759,1757,1728,1747,1750,1778,1750,1742,1771,1765,1741,1728,1741,1736,1738,1713,1732,1733,1727,1758,1744,1730,1757,1746,1745,1757,1763,1741,1745,1749,1770,1782,1756,1747,1750,1739,1753,1748,1745,1751,1746,1747,1737,1744,1737,1722,1745,1759,1743,1757,1738,1731,1729,1754,1735,1742,1746,1736,1743,1751,1737,1720,1744,1759,1737,1733,1743,1729,1741,1749,1751,1749,1737,1727,1744,1739,1749,1749,1748,1745,1739,1739,1729,1748,1741,1744,1724,1756,1731,1749,1735,1742,1750,1744,1739,1748,1748,1753,1732,1746,1763,1748,1747,1729,1758,1747,1742,1755,1756,1756,1740,1745,1769,1741,1735,1748,1757,1722,1729,1746,1729,1733,1768,1753,1758,1752,1745,1740,1746,1769,1756,1745,1749,1762,1749,1759,1754,1737,1732,1732,1743,1735,1737,1765,1769,1741,1751,1771,1745,1738,1728,1744,1735,1746,1734,1736,1762,1727,1737,1751,1757,1753,1738,1751,1746,1764,1748,1731,1737,1741,1727,1736,1731,1748,1736,1738,1755,1747,1739,1739,1730,1732,1752,1760,1740,1744,1772,1753,1754,1753,1740,1739,1746,1749,1744,1724,1731,1738,1738,1749,1741,1741,1749,1750,1750,1755,1753,1744,1759,1725,1733,1724,1740,1754,1738,1736,1752,1755,1753,1737,1758,1732,1751,1745,1746,1736,1739,1744,1739,1751,1746,1763,1726,1725,1764,1749,1749,1741,1747,1744,1728,1738,1747,1757,1766,1749,1747,1750,1743,1744,1762,1737,1739,1744,1746,1747,1741,1748,1748,1746,1724,1741,1749,1754,1765,1750,1749,1739,1744,1754,1745,1727,1745,1751,1743,1761,1755,1750,1735,1729,1732,1740,1750,1750,1728,1750,1745,1774,1759,1740,1759,1754,1745,1739,1716,1737,1736,1719,1741,1745,1744,1738,1751,1747,1758,1759,1749,1742,1733,1738,1737,1741,1731,1736,1762,1755,1741,1743,1736,1748,1732,1752,1746,1745,1736,1719,1738,1745,1728,1756,1747,1734,1742,1761,1757,1762,1777,1746,1737,1740,1734,1751,1763,1751,1756,1748,1754,1754,1753,1743,1748,1747,1765
9;31;30;680,679,687,682,677,673,695,686,702,672,696,684,684,695,692,696,678,698,671,686,676,680,685,676,689,682,691,673,701,673,689,670,697,686,682,698,693,687,705,673,694,687,660,683,683,696,679,690,692,689,687,699,692,687,674,708,696,683,692,696,683,678,690,682,673,678,686,674,689,690,701,699,698,688,707,658,707,686,689,677,688,704,706,694,695,695,684,698,694,704,700,689,697,688,697,693,666,687,681,678,695,687,671,692,686,696,676,685,700,689,719,674,690,673,697,680,661,673,690,668,645,683,678,682,672,678,680,673,698,684,689,702,679,686,687,694,680,704,683,688,693,693,688,693,691,700,682,693,676,694,688,664,678,697,688,695,693,681,685,687,684,685,678,690,684,690,697,686,686,668,688,674,683,682,678,697,690,693,697,691,671,687,685,687,687,694,673,693,692,695,681,685,675,671,685,684,683,689,698,685,688,694,697,686,680,694,692,681,678,691,679,698,694,686,689,682,683,686,693,666,683,687,686,689,692,686,698,697,686,696,685,682,694,686,683,668,678,693,690,687,689,689,696,690,694,688,705,688,690,690,681,697,697,705,702,653,686,683,673,682,690,684,680,681,679,685,680,701,674,686,698,687,684,702,683,689,707,689,683,698,691,691,694,689,695,688,694,678,678,699,676,689,688,666,680,683,676,687,703,690,687,688,699,675,682,682,687,677,686,687,677,690,695,663,684,675,679,674,674,663,671,678,671,690,684,705,680,693,680,687,672,687,701,680,698,697,678,686,699,699,691,702,698,658,679,689,694,679,697,688,704,678,686,698,702,683,692,684,675,680,690,689,678,665,685,692,681,689,692,691,693,687,685,682,694,698,689,692,685,708,684,685,708,692,681,696,690,694,690,691,690,689,708,698,687,699,680,682,692,680,682,686,688,681,694,689,700,702,700,696,695,677,682,697,681,658,665,669,666,667,673,672,684,670,658,681,679,678,678,685,681,682,689,688,702,702,683,691,677,686,690,686,691,682,695,698,685,702,688,681,697,679,684,688,681,691,689,684,699,690,677,677,681,681,681,697,688,696,695,690,674,688,680,698,692,693,695,698,688,680,695,701,690,685,697,683,691,678,693,696,682,692,685,680,688,684,682,681,701,699,692,679,689,694,702,689,678,681,679,677,684,688,695,676,688,687,679,687,680,689,690,694,684,693,688,682,692,678,681,684,688,679,668,683,682,681,683,685,693,688,673,682,671,681,691,692,686,693,695,679,688,697,682,686,674,669,682,693,683,692,707,699,679,691,682,672,676,681,666,685,701,679,677,692,687,683,712,695,703,699,694,688,694,690,702,691,680,696,686,701,696,699,691,691,707,700,688,697,700,701,694
42;24;8;185,188,185,182,199,185,186,188,191,185,194,188,193,190,197,185,172,190,186,191,192,186,181,193,191,199,180,176,193,194,196,181,190,186,175,182,182,173,196,197,182,188,196,181,193,195,193,197,188,199,194,170,187,190,190,183,186,195,194,194,178,192,194,196,191,186,187,187,191,193,191,192,199,190,190,192,182,186,187,197,179,186,190,197,203,186,180,193,186,179,182,195,196,187,189,188,186,202,192,181,186,191,169,194,191,182,174,180,184,187,199,203,194,200,190,204,198,187,187,177,194,191,186,176,194,190,191,173,183,191,191,192,189,177,194,191,179,191,178,196,182,187,181,185,185,188,198,192,201,190,187,193,191,178,176,183,175,180,194,182,181,199,187,197,198,195,183,190,179,198,186,185,191,189,172,198,190,193,182,177,186,191,191,191,189,192,194,184,184,188,196,184,192,202,194,189,192,190,188,189,196,184,186,187,195,175,191,185,199,183,185,187,201,191,191,177,192,189,183,195,201,186,185,174,192,187,195,178,184,207,203,187,188,195,194,191,201,187,197,189,201,189,191,195,197,174,181,195,188,185,184,191,180,199,169,186,182,177,191,180,184,190,177,181,187,181,190,198,197,192,177,184,181,176,189,187,193,183,182,194,196,198,188,187,190,191,189,197,194,188,190,189,199,178,204,195,184,177,192,190,179,195,187,184,201,195,190,194,181,189,196,184,193,184,186,180,189,188,204,197,190,191,184,189,189,186,181,179,185,187,187,187,187,196,182,183,191,196,183,188,191,198,187,189,193,192,189,188,192,191,195,175,183,186,192,183,184,184,183,188,201,197,191,187,182,186,196,199,195,192,196,185,194,188,189,188,185,184,179,194,187,172,192,192,179,199,186,183,182,188,188,185,186,181,200,187,191,190,190,185,190,196,190,175,190,182,191,180,187,198,187,203,182,187,182,184,193,207,182,182,196,185,201,186,193,187,198,184,184,183,183,192,188,195,194,175,198,185,181,196,193,190,191,187,189,185,191,191,191,193,190,182,200,182,187,195,193,190,182,190,183,175,180,194,186,189,186,196,187,177,192,206,194,183,195,201,188,180,189,182,205,196,180,188,179,179,185,181,179,190,200,189,194,197,195,189,183,180,176,188,195,186,189,188,185,194,200,181,186,191,199,187,188,191,177,185,191,188,186,185,179,184,195,195,190,185,194,203,188,190,185,194,181,183,196,188,182,184,187,183,187,186,184,197,184,195,181,170,179,166,191,194,187,187,189,189,192,186,184,184,181,195,181,194,187,197,198,196,198,196,186,192,188,181,187,190,199,199,190,193,192,200,197,203,194,194,192,190,186,188,194,200,190,196,198,185,192,196,187,197,189
11;31;45;1208,1206,1201,1225,1186,1228,1223,1189,1211,1206,1232,1216,1204,1229,1205,1214,1201,1230,1205,1197,1212,1211,1238,1208,1222,1203,1219,1194,1232,1209,1220,1215,1213,1218,1194,1217,1228,1218,1236,1227,1214,1221,1203,1215,1220,1216,1209,1208,1230,1210,1234,1222,1215,1223,1208,1224,1186,1238,1220,1239,1210,1219,1217,1192,1205,1215,1228,1203,1238,1255,1228,1234,1215,1220,1208,1199,1201,1194,1210,1193,1208,1194,1208,1209,1229,1227,1198,1214,1219,1209,1217,1223,1200,1192,1214,1189,1188,1216,1220,1195,1244,1184,1214,1194,1197,1215,1199,1200,1205,1216,1197,1216,1237,1228,1207,1184,1190,1193,1230,1205,1200,1208,1198,1197,1194,1182,1188,1204,1205,1207,1219,1199,1216,1212,1194,1215,1224,1209,1209,1208,1202,1218,1188,1212,1203,1244,1205,1234,1213,1219,1223,1200,1206,1223,1207,1203,1221,1217,1209,1232,1217,1221,1225,1193,1202,1210,1240,1199,1208,1175,1200,1207,1187,1216,1192,1210,1225,1225,1197,1241,1217,1212,1234,1220,1206,1236,1220,1222,1216,1245,1215,1211,1226,1205,1208,1225,1204,1217,1212,1219,1196,1200,1210,1223,1206,1216,1231,1217,1204,1233,1230,1212,1229,1220,1205,1222,1192,1209,1203,1179,1234,1204,1217,1212,1198,1219,1204,1230,1226,1216,1225,1221,1200,1212,1183,1207,1204,1217,1206,1196,1212,1237,1219,1210,1231,1219,1216,1211,1195,1195,1212,1203,1251,1219,1233,1215,1231,1205,1220,1174,1210,1177,1183,1191,1193,1207,1190,1207,1204,1202,1189,1227,1206,1236,1227,1231,1235,1210,1215,1212,1226,1198,1211,1206,1198,1215,1231,1183,1214,1219,1203,1197,1199,1211,1200,1233,1225,1218,1234,1221,1175,1199,1233,1206,1198,1217,1223,1183,1203,1210,1211,1207,1221,1224,1179,1194,1221,1227,1201,1221,1196,1201,1193,1204,1198,1207,1217,1198,1205,1189,1220,1199,1208,1201,1186,1209,1195,1188,1203,1207,1208,1226,1222,1201,1216,1216,1234,1233,1216,1232,1232,1208,1224,1232,1235,1234,1211,1212,1221,1233,1195,1208,1213,1219,1198,1218,1193,1187,1208,1214,1214,1233,1215,1213,1220,1219,1224,1230,1244,1244,1219,1214,1241,1240,1212,1218,1220,1209,1201,1218,1219,1203,1222,1225,1222,1210,1207,1196,1216,1202,1208,1203,1224,1210,1232,1200,1205,1221,1234,1212,1218,1188,1227,1165,1207,1207,1189,1195,1194,1183,1214,1195,1198,1219,1194,1197,1227,1219,1220,1217,1206,1208,1211,1213,1218,1240,1210,1209,1195,1194,1217,1194,1198,1208,1201,1211,1189,1186,1224,1216,1237,1217,1206,1231,1215,1202,1211,1220,1199,1205,1203,1192,1182,1215,1229,1215,1208,1226,1217,1217,1190,1207,1211,1203,1210,1196,1189,1223,1200,1201,1216,1236,1206,1195,1229,1216,1212,1234,1204,1193,1212,1207,1201,1214,1214,1202,1227,1209,1202,1233,1218,1187,1210,1217,1224,1223,1223,1245,1219,1187,1195,1226,1211,1218,1221,1223,1215,1207,1197,1205,1198,1222,1242,1226,1234,1198,1211,1215,1210,1205,1212,1199,1218,1216,1221,1218,1261,1241,1205,1209,1213,1204,1208,1199,1186,1200,1205,1203,1218,1213,1206,1217,1219,1199,1209,1207,1198,1208,1206,1200,1205,1227,1215,1208,1229,1207,1220,1215,1208,1200,1211,1217,1196,1216,1196,1203,1233,1236,1209,1228,1215,1199,1239,1205,1226,1220,1221,1206,1215,1206,1209,1219,1203,1208,1203,1224,1210,1206,1234,1206,1225
24;34;43;1372,1373,1372,1362,1370,1379,1394,1392,1396,1383,1370,1372,1377,1381,1389,1369,1370,1375,1373,1362,1370,1373,1379,1382,1383,1360,1374,1375,1381,1391,1374,1387,1375,1378,1361,1371,1365,1372,1379,1380,1389,1373,1365,1371,1377,1391,1389,1390,1389,1380,1384,1377,1374,1387,1374,1388,1391,1379,1395,1388,1386,1386,1373,1386,1381,1372,1360,1398,1380,1386,1386,1375,1373,1366,1379,1375,1371,1382,1379,1379,1381,1376,1380,1376,1385,1390,1393,1389,1399,1379,1391,1384,1373,1370,1355,1370,1387,1393,1374,1378,1367,1369,1370,1363,1372,1366,1362,1357,1372,1375,1383,1396,1405,1394,1378,1377,1387,1386,1395,1377,1384,1382,1390,1382,1375,1368,1367,1369,1370,1378,1371,1385,1393,1388,1380,1388,1373,1364,1381,1374,1377,1372,1386,1391,1398,1395,1392,1385,1393,1392,1378,1375,1378,1392,1373,1377,1364,1390,1373,1379,1363,1385,1375,1373,1380,1348,1395,1377,1367,1359,1381,1387,1367,1388,1394,1386,1372,1391,1376,1403,1372,1376,1384,1388,1369,1374,1388,1375,1380,1367,1384,1369,1375,1386,1392,1375,1383,1371,1377,1389,1376,1370,1376,1371,1373,1382,1363,1379,1378,1380,1386,1370,1377,1386,1380,1368,1393,1384,1382,1385,1381,1398,1388,1367,1380,1383,1378,1390,1377,1393,1377,1370,1370,1363,1369,1379,1380,1374,1393,1386,1383,1372,1384,1377,1380,1363,1359,1384,1372,1371,1374,1363,1383,1398,1390,1381,1401,1375,1366,1371,1372,1388,1374,1384,1388,1379,1372,1391,1386,1379,1382,1393,1383,1364,1382,1389,1375,1370,1382,1396,1394,1387,1379,1387,1381,1371,1370,1376,1383,1376,1380,1380,1373,1379,1382,1381,1385,1392,1385,1370,1356,1384,1396,1384,1370,1378,1375,1381,1379,1386,1375,1372,1379,1379,1379,1367,1386,1391,1378,1372,1376,1381,1380,1366,1378,1379,1365,1370,1368,1382,1380,1378,1375,1364,1362,1371,1373,1367,1385,1393,1380,1377,1383,1375,1396,1373,1376,1386,1393,1386,1382,1371,1401,1385,1375,1396,1380,1380,1375,1393,1385,1383,1381,1384,1375,1381,1382,1370,1373,1371,1367,1386,1391,1379,1386,1388,1375,1377,1377,1392,1385,1376,1397,1378,1375,1385,1383,1381,1369,1382,1375,1380,1390,1389,1367,1372,1372,1378,1388,1371,1373,1386,1389,1376,1388,1388,1384,1364,1379,1383,1385,1374,1382,1377,1370,1371,1367,1370,1381,1378,1374,1364,1373,1378,1370,1376,1366,1372,1369,1367,1372,1373,1379,1388,1393,1387,1383,1386,1372,1380,1373,1393,1384,1374,1382,1383,1389,1391,1397,1378,1384,1377,1372,1378,1381,1380,1381,1382,1370,1377,1385,1379,1380,1372,1378,1384,1383,1385,1361,1372,1378,1385,1380,1377,1374,1373,1380,1389,1376,1383,1382,1367,1395,1399,1384,1380,1376,1372,1373,1370,1375,1383,1394,1383,1380,1383,1397,1391,1377,1390,1379,1377,1372,1374,1367,1370,1386,1390,1386,1370,1372,1372,1385,1385,1387,1370,1380,1380,1371,1369,1370,1390,1379,1396,1374,1380,1374,1371,1388,1383,1373,1388,1373,1379,1380,1397,1397,1393,1376,1374,1377,1382,1376,1369,1375,1381,1367,1380,1370,1367,1396,1389,1382,1369,1374,1365,1383,1387,1369,1375,1382,1380,1384,1384,1382,1372,1373,1369,1391,1383,1383,1374,1380,1380,1384,1373,1369,1364,1371,1365,1378,1377,1376,1407,1392,1384,1378,1375,1376,1375,1381,1369,1368,1396,1381,1380,1370,1379,1384,1380,1390
39;2;12;57,57,59,53,58,59,59,48,50,60,63,61,61,51,60,55,56,62,62,57,52,61,53,55,51,53,53,65,62,53,58,62,52,57,63,60,54,43,49,49,57,60,46,52,63,58,56,59,63,53,49,53,53,50,51,42,56,61,59,61,59,49,54,64,59,53,57,53,56,58,50,51,61,64,52,52,52,51,56,62,50,67,61,56,53,51,59,62,63,53,51,45,59,58,59,51,59,51,61,59,58,62,59,57,55,59,59,52,58,59,56,53,53,53,56,49,55,55,58,51,64,63,52,62,64,49,58,57,61,58,51,51,61,57,61,55,56,64,51,53,60,56,53,55,55,63,55,47,46,47,56,60,53,59,49,58,58,51,50,50,61,62,47,52,61,55,56,57,67,59,50,59,57,54,57,47,55,57,54,63,50,53,55,56,51,53,65,61,55,65,51,55,49,57,53,52,57,58,67,58,53,50,52,58,59,64,64,56,51,55,56,59,64,59,59,56,50,58,58,55,51,52,57,60,63,51,60,51,56,53,53,56,50,57,47,51,62,56,55,54,50,60,53,55,71,58,50,58,57,56,57,59,47,57,57,63,59,59,55,57,61,55,53,61,53,55,48,52,61,62,58,62,55,49,57,56,53,55,56,58,60,56,50,58,48,56,60,59,51,56,58,69,56,56,58,47,52,55,51,46,61,56,50,54,60,50,55,58,47,54,60,53,55,60,56,58,56,58,52,48,62,57,53,52,52,57,63,64,52,62,56,55,59,60,57,56,59,55,61,61,54,56,56,56,61,60,49,62,61,55,57,49,51,52,57,58,54,58,48,56,61,49,56,53,57,49,58,56,61,53,47,51,50,57,62,51,54,61,54,59,58,62,65,54,49,53,62,64,56,61,55,56,53,61,49,62,60,62,52,52,52,60,51,54,63,52,52,52,61,50,46,52,60,56,60,64,59,62,61,58,57,59,50,56,50,64,67,55,61,55,61,48,54,54,51,52,45,45,64,52,58,50,56,54,59,59,50,55,57,53,47,56,64,48,62,58,57,60,57,62,66,64,46,55,54,49,54,55,54,61,58,55,62,54,46,61,63,59,55,56,58,60,51,55,59,48,53,52,57,50,49,52,52,57,60,55,55,62,57,55,59,53,55,61,60,64,63,49,58,64,57,48,51,50,62,66,52,60,59,53,61,53,58,52,56,52,54,52,60,47,59,56,56,60,53,52,53,55,58,52,58,54,46,50,60,59,64,61,52,64,60,52,56,54,62,57,54,54,58,58,61,56,59,61,55,56,49,54,59,59,62,59,55,59,54,59,62,56,58,55,61,55,58,50,52,52,63,66,54,51,56,56,58,53,55,58,53,47,50,50,48
11;28;53;478,471,476,453,467,467,470,466,483,466,472,459,470,462,467,470,452,459,459,472,459,457,469,460,468,462,463,458,464,458,466,456,471,453,462,466,470,468,473,465,463,464,465,462,464,464,456,468,459,444,471,459,468,460,469,463,458,459,471,461,465,449,459,467,462,456,464,457,486,479,483,462,453,471,464,458,479,456,463,450,457,462,462,455,457,466,462,457,466,471,463,456,457,460,453,478,452,478,456,462,474,467,449,458,463,455,449,452,457,447,472,468,486,465,469,449,456,451,457,459,466,484,459,464,460,479,465,463,465,461,461,470,465,471,458,462,466,464,465,461,458,452,471,466,458,460,466,471,454,461,466,453,477,471,477,468,474,457,465,468,462,464,451,474,467,467,462,449,448,448,469,455,454,453,460,463,456,458,475,467,462,471,472,469,465,470,466,480,481,468,463,469,464,464,461,463,464,459,465,457,459,449,454,463,463,471,464,465,473,461,445,466,465,467,469,463,467,462,456,452,461,477,464,459,459,460,462,465,463,456,452,456,463,459,462,462,468,468,455,462,460,463,464,467,457,467,466,452,466,463,463,472,482,451,462,464,468,463,467,470,468,465,461,455,457,459,451,457,454,467,463,461,455,466,468,464,475,469,464,462,467,465,459,457,465,470,471,463,469,466,453,471,455,457,467,466,472,471,471,459,466,455,471,467,460,470,457,462,469,463,460,460,468,477,455,474,456,450,452,470,449,475,461,462,473,472,461,459,464,458,460,465,467,456,452,470,470,458,468,460,470,457,463,455,455,472,461,468,461,465,443,466,467,469,451,452,456,454,449,452,455,458,470,479,464,457,452,463,462,464,467,468,466,463,471,468,465,473,468,469,473,464,465,459,467,473,462,457,459,454,462,466,464,461,479,470,466,470,467,455,468,461,461,468,466,463,463,464,469,472,467,465,458,481,441,447,449,461,460,454,468,467,460,461,443,468,464,449,460,469,465,463,454,459,460,479,465,461,459,461,476,458,457,466,468,464,465,463,472,471,472,458,472,466,471,471,472,470,471,470,451,475,464,467,471,465,457,463,463,462,462,465,471,456,471,460,457,460,464,465,458,466,466,457,455,459,470,459,471,453,456,454,464,458,459,460,467,460,457,461,461,461,465,467,466,469,454,462,464,451,452,465,466,468,463,456,459,458,462,460,465,455,454,468,449,455,466,452,462,467,458,452,457,461,458,458,478,474,463,478,465,474,468,471,457,457,470,463,465,455,470,466,462,468,467,470,459,464,457,468,472,469,461,470,460,458,471,472,454,464,467,468,459,461,458,463,467,457,473,480,462,470,472,474,454,473,451,462,448,459,455,453,461,457,462,470,467,469,467,461,457
39;24;25;1699,1705,1691,1704,1691,1695,1696,1720,1720,1719,1703,1707,1712,1699,1689,1680,1694,1702,1679,1697,1691,1673,1687,1687,1695,1671,1689,1701,1705,1710,1707,1710,1701,1690,1688,1705,1700,1693,1693,1701,1697,1708,1679,1686,1674,1696,1682,1690,1706,1693,1712,1690,1692,1688,1700,1683,1682,1703,1706,1698,1700,1689,1682,1681,1685,1691,1687,1716,1732,1720,1708,1699,1696,1697,1696,1701,1699,1692,1686,1685,1686,1684,1701,1711,1707,1698,1695,1708,1692,1689,1694,1698,1699,1687,1684,1694,1696,1702,1691,1683,1675,1681,1697,1698,1693,1683,1688,1673,1669,1692,1695,1693,1698,1686,1680,1688,1693,1694,1693,1676,1685,1692,1690,1687,1697,1701,1688,1710,1709,1691,1703,1694,1702,1693,1699,1682,1679,1690,1694,1686,1704,1702,1703,1710,1711,1709,1704,1709,1713,1708,1705,1697,1692,1717,1713,1693,1698,1693,1699,1688,1684,1697,1695,1701,1705,1707,1711,1698,1670,1701,1692,1694,1682,1704,1712,1702,1691,1687,1706,1697,1696,1687,1691,1694,1691,1690,1692,1708,1700,1691,1688,1696,1702,1688,1693,1690,1709,1687,1701,1695,1704,1687,1688,1701,1702,1705,1688,1690,1699,1702,1706,1684,1690,1690,1682,1682,1701,1674,1705,1705,1695,1676,1704,1690,1688,1698,1675,1701,1702,1711,1707,1692,1671,1679,1668,1679,1693,1705,1708,1725,1701,1698,1710,1704,1709,1701,1690,1706,1675,1692,1705,1697,1714,1695,1709,1696,1705,1690,1671,1664,1679,1668,1678,1696,1695,1692,1675,1694,1696,1703,1697,1700,1683,1709,1700,1693,1710,1702,1685,1712,1707,1706,1703,1708,1703,1708,1690,1697,1686,1694,1681,1698,1695,1694,1706,1701,1692,1703,1695,1677,1674,1684,1714,1697,1686,1692,1693,1690,1686,1700,1689,1689,1676,1699,1691,1692,1696,1691,1689,1701,1699,1686,1702,1716,1702,1707,1702,1697,1690,1685,1708,1701,1708,1695,1695,1696,1697,1693,1690,1694,1702,1681,1687,1691,1714,1693,1698,1693,1701,1694,1697,1698,1707,1691,1690,1694,1700,1690,1685,1697,1710,1693,1696,1703,1684,1685,1699,1689,1704,1699,1696,1703,1701,1687,1709,1690,1711,1714,1705,1709,1699,1697,1690,1696,1685,1683,1696,1683,1687,1701,1688,1695,1703,1691,1686,1695,1690,1701,1686,1694,1678,1692,1691,1685,1697,1690,1696,1712,1709,1724,1717,1674,1685,1662,1700,1691,1688,1707,1699,1696,1690,1704,1700,1701,1690,1703,1708,1692,1677,1684,1690,1682,1703,1690,1703,1717,1712,1699,1692,1672,1695,1676,1688,1688,1683,1690,1690,1707,1707,1687,1690,1686,1696,1694,1697,1692,1692,1698,1696,1702,1695,1689,1702,1706,1711,1705,1696,1697,1694,1690,1691,1691,1691,1677,1688,1694,1685,1701,1696,1706,1702,1699,1706,1715,1714,1686,1677,1690,1684,1684,1693,1701,1707,1704,1696,1697,1696,1689,1688,1701,1701,1697,1688,1689,1691,1695,1685,1699,1698,1700,1699,1705,1698,1702,1688,1710,1694,1694,1677,1695,1697,1708,1707,1678,1694,1679,1687,1709,1692,1695,1691,1685,1703,1706,1724,1716,1700,1689,1686,1697,1686,1684,1691,1684,1679,1693,1694,1711,1704,1690,1699,1697,1694,1691,1710,1696,1692,1695,1697,1705,1689,1697,1710,1693,1703,1692,1672,1687,1686,1703,1704,1708,1706,1695,1717,1705,1702,1710,1684,1688,1692,1685,1696,1707,1713,1690,1690,1682,1687,1688,1682,1694,1685,1698,1697,1697,1693,1696,1695,1691,1712
10;5;30;933,938,934,940,943,947,927,946,936,946,939,938,940,943,934,935,940,935,950,945,941,937,942,946,928,935,927,931,940,937,936,931,930,927,924,921,930,945,944,944,950,967,949,937,941,923,932,931,928,948,937,940,934,941,932,926,939,942,942,936,932,940,927,939,929,932,938,954,955,946,936,930,928,934,925,914,943,924,928,931,926,936,946,955,945,949,945,952,949,957,941,941,939,928,931,939,946,925,944,932,927,941,926,935,935,920,933,931,938,936,965,946,948,926,929,928,936,941,923,942,939,947,948,936,938,941,928,929,939,948,940,947,952,953,941,937,932,949,945,928,952,939,951,942,955,941,943,933,950,941,932,941,947,942,942,932,934,934,956,934,934,943,940,938,933,932,952,932,941,939,941,942,941,939,941,939,932,941,947,936,946,942,940,932,932,927,940,943,926,939,931,941,932,930,927,934,944,938,940,922,923,936,930,916,935,945,942,930,933,936,954,941,950,935,943,934,939,942,929,950,940,931,922,921,931,923,936,931,930,946,946,943,935,938,949,939,943,957,936,957,952,941,944,934,942,926,936,933,929,942,920,948,947,951,930,939,940,943,925,926,931,922,926,929,927,942,940,941,952,955,945,945,937,949,946,937,939,946,935,947,940,952,947,926,945,935,936,939,950,956,933,942,939,957,938,928,942,951,931,940,930,931,938,941,945,933,933,940,942,937,940,944,946,932,956,931,943,929,939,933,938,924,935,951,937,925,933,944,934,939,930,929,943,946,935,943,925,945,946,933,942,931,941,944,929,932,933,934,943,932,936,949,934,938,930,937,939,938,933,952,952,938,938,926,934,923,929,928,946,939,930,945,942,940,944,948,949,930,938,939,948,945,935,936,924,919,929,933,935,926,943,940,947,947,948,935,940,947,940,947,943,935,952,941,929,932,929,947,938,934,935,933,957,955,924,934,935,937,939,939,944,940,921,935,936,947,943,950,942,945,939,941,941,934,948,932,934,936,931,938,930,951,942,946,958,941,948,958,945,938,938,930,943,935,935,952,927,928,935,936,951,932,929,945,938,932,915,919,923,928,924,933,934,940,928,930,937,949,939,949,946,939,948,934,934,942,938,939,946,944,925,936,938,929,939,945,944,923,951,930,948,933,945,944,935,936,948,930,930,928,947,937,940,944,943,937,937,933,918,930,936,943,952,964,937,936,938,940,950,946,945,940,942,927,956,977,932,940,952,939,937,937,918,930,950,927,922,923,945,943,946,947,944,950,956,940,946,922,931,943,931,935,933,931,927,949,937,939,937,943,936,925,935,933,936,945,937,924,927,926,934,934,939,940,947,936,925,925,932,933,928,922,934,948,931,939,951,948,938,944,935
23;33;24;181,159,162,162,159,172,166,167,172,174,175,169,164,180,174,168,177,167,181,170,166,167,163,168,171,176,157,169,170,160,172,174,167,168,166,174,173,176,170,168,170,178,177,172,167,161,164,173,176,179,174,161,163,162,149,162,169,179,169,172,161,176,164,176,173,174,166,179,173,164,176,163,162,166,169,176,168,181,159,174,163,164,152,164,171,165,176,157,175,173,170,169,166,174,165,169,170,163,163,157,168,153,170,173,164,165,169,165,178,164,165,160,171,170,158,163,172,167,160,160,165,178,169,163,174,158,164,167,176,161,167,169,178,163,177,179,170,171,157,171,163,162,169,168,169,170,176,166,173,168,163,169,163,169,170,175,165,157,181,191,166,174,175,178,178,171,172,176,165,176,171,166,164,176,173,170,169,163,174,187,166,164,161,171,183,161,168,174,176,170,160,174,180,178,170,165,167,173,166,170,179,166,165,171,164,171,165,152,175,170,175,174,158,172,170,170,161,175,161,169,180,162,171,168,157,168,179,175,165,163,170,166,171,159,157,169,175,167,163,167,167,160,166,168,167,160,169,162,165,184,168,176,169,169,156,163,172,163,156,164,166,172,162,168,171,178,163,175,174,179,169,175,172,165,171,159,157,164,168,157,159,167,180,167,174,174,169,172,161,168,162,167,176,163,173,168,163,178,166,164,164,182,169,167,164,158,169,166,168,169,175,175,179,163,171,176,169,171,179,157,170,176,178,183,167,162,171,177,178,162,178,169,181,162,163,167,167,159,172,167,169,169,163,167,180,181,167,173,171,171,169,156,168,169,164,158,181,168,163,170,167,165,174,155,167,168,168,176,169,170,164,174,164,176,172,167,181,170,165,167,172,174,176,176,175,170,172,165,177,173,164,164,178,165,169,162,172,173,174,180,160,168,167,163,165,166,179,165,169,165,171,178,167,146,169,155,162,166,170,169,167,182,170,170,170,167,160,153,157,158,164,161,162,181,171,160,157,165,160,162,167,171,176,178,179,170,175,175,164,160,156,164,159,176,170,169,171,178,174,162,170,170,169,170,174,171,165,170,176,164,159,170,158,169,170,166,171,169,172,176,176,163,174,179,172,175,171,168,164,174,158,170,153,171,156,154,173,175,186,178,163,173,173,165,166,168,169,171,184,177,174,168,166,173,175,182,166,168,169,162,173,167,173,173,174,167,172,170,173,175,176,182,170,165,167,171,161,176,163,161,163,170,157,172,181,167,167,175,175,157,168,173,165,158,158,166,163,170,176,162,166,154,153,174,175,154,161,165,169,172,175,171,170,182,174,176,172,166,170,171,163,162,155,172,175,167,169,176,168,167,165,163,174,168,165,161,159,161,164,167,176
39;6;34;503,527,510,525,525,513,514,532,520,539,520,523,522,507,516,507,516,511,514,522,511,521,510,522,504,519,509,540,518,525,510,523,516,511,501,515,506,505,512,530,528,518,529,516,508,506,526,515,497,517,506,524,522,523,513,509,522,506,509,514,528,529,524,523,522,528,520,543,520,512,499,507,512,526,514,499,515,507,506,513,513,515,513,517,517,520,523,532,528,517,513,519,510,522,510,526,535,519,511,508,510,532,514,508,506,511,511,522,502,516,522,532,501,520,502,508,527,509,503,535,538,508,519,511,508,519,521,515,520,533,526,526,533,520,519,513,516,511,521,519,517,516,523,501,545,517,532,522,529,524,502,523,520,513,506,516,515,522,543,513,534,520,514,514,510,515,515,518,526,527,511,529,514,521,522,500,515,521,536,519,527,510,501,497,514,519,515,521,504,517,513,506,528,521,509,512,508,513,507,515,520,512,507,512,515,513,519,514,518,520,521,506,516,511,514,511,524,523,518,530,523,495,503,511,529,513,507,521,540,525,525,507,505,516,507,514,526,511,517,521,522,520,523,529,503,511,504,509,516,509,498,518,521,513,530,534,534,525,523,512,505,517,513,504,517,511,528,516,520,527,518,493,525,523,523,517,515,529,532,512,518,525,523,520,514,515,522,522,518,516,533,520,507,537,532,514,511,518,506,509,512,514,525,509,516,513,516,524,519,511,528,525,493,527,518,521,517,529,511,517,534,519,518,526,524,543,525,529,523,528,521,507,506,513,513,518,530,529,509,525,515,512,523,527,504,490,514,517,512,505,504,525,512,509,505,503,518,504,518,521,522,508,504,514,515,509,516,504,520,527,527,515,516,520,512,505,538,513,518,520,516,521,497,511,506,486,496,487,518,506,506,528,507,525,524,508,529,514,501,521,521,503,512,522,522,512,518,525,528,521,519,501,517,559,507,523,541,518,539,523,544,544,527,540,522,531,528,536,537,521,522,508,512,502,525,499,517,522,517,524,513,520,519,504,516,513,515,529,525,517,510,531,509,494,517,506,514,523,506,505,535,521,524,529,528,534,504,512,525,508,526,524,515,515,511,511,517,520,514,520,500,518,520,504,507,516,518,506,512,517,510,516,523,520,521,509,508,508,522,510,513,510,515,516,507,522,507,508,516,513,517,525,526,536,515,512,520,518,502,500,506,525,521,525,518,514,517,518,531,518,520,520,527,521,510,549,507,511,510,512,506,506,513,495,508,519,505,510,529,530,538,519,531,525,515,516,524,517,512,505,514,516,517,524,519,520,514,514,522,525,526,534,529,504,535,520,515,527,519,502,507,524,512,513,525,516,510,509,513,519,517,525,521,521,519,521,517,520,525,513,511
33;7;4;74,65,70,69,73,70,54,57,56,73,66,72,66,65,65,61,64,61,76,70,62,60,67,70,63,70,69,65,65,61,74,75,66,69,69,61,69,70,74,63,66,73,60,61,63,56,67,61,64,71,62,67,68,61,67,70,61,68,57,62,65,64,65,66,86,66,70,56,67,68,67,62,65,70,72,68,61,67,72,64,61,64,66,63,65,72,61,64,73,69,62,61,72,64,65,64,70,74,66,61,71,60,71,64,62,62,73,59,72,79,68,73,61,61,67,68,66,54,68,69,62,51,74,58,75,70,65,67,67,53,73,73,61,70,77,75,68,70,67,68,78,60,67,71,60,62,70,66,74,67,63,60,65,59,67,59,63,61,63,65,68,62,62,66,58,72,61,66,68,66,57,78,66,65,68,70,76,62,75,61,61,61,65,62,67,77,67,66,56,58,67,56,77,68,58,68,67,56,61,65,72,65,68,55,76,67,69,62,66,67,66,71,72,65,65,65,61,63,69,73,62,81,66,70,65,56,66,66,73,59,59,62,55,65,78,68,63,66,68,67,61,56,66,85,76,63,59,72,70,64,72,69,67,69,63,72,67,66,76,65,65,64,60,66,69,58,69,64,77,56,68,70,66,67,61,80,61,70,68,64,71,77,65,66,67,61,63,51,66,68,56,62,70,68,70,61,70,67,55,60,66,64,72,73,64,62,60,61,65,67,58,72,61,64,73,69,61,67,61,58,65,76,63,58,71,66,69,61,70,62,67,71,73,78,65,71,74,68,61,66,69,67,62,66,69,71,68,65,64,73,72,59,62,62,67,68,62,74,62,70,62,61,72,71,70,57,58,72,65,75,59,63,69,72,74,73,61,67,56,67,65,50,77,66,61,63,58,65,67,63,70,67,54,60,77,71,60,57,69,63,71,66,58,61,62,76,67,66,68,79,77,65,70,60,62,73,61,80,60,58,63,64,69,67,64,72,64,76,72,64,59,59,64,62,67,67,62,66,68,73,65,60,62,66,59,70,55,58,70,68,73,63,66,73,61,61,71,57,66,67,75,76,70,63,71,72,69,73,69,76,70,59,69,74,66,65,69,66,61,70,75,69,63,67,63,77,66,68,60,60,61,65,70,63,67,77,62,56,58,66,64,62,62,57,59,67,65,63,70,71,68,67,60,73,61,59,70,69,70,70,62,75,63,69,69,67,57,74,60,62,53,74,66,70,70,58,68,66,67,68,57,63,64,69,69,60,65,75,60,62,61,69,73,67,65,65,63,71,55,72,69,70,53,70,59,71,62,71,69,67,70,66,61,61,67,78,69,71,74,64,60,62,70,64,67,73,64,76,70,64,63,64,71,61,60,60,58,60,65,67,66
38;12;12;146,167,165,157,157,178,156,158,159,172,161,185,171,159,162,159,161,159,158,158,156,149,156,156,149,162,156,165,172,161,165,160,158,171,148,166,148,166,168,171,166,166,156,155,149,163,146,163,170,161,159,159,151,158,156,161,152,177,160,164,166,166,165,167,159,164,165,160,166,167,171,150,156,165,167,162,158,160,174,167,161,174,158,158,161,169,161,162,167,164,156,167,161,167,160,163,170,161,166,167,164,163,166,160,155,167,162,167,172,164,158,157,167,160,158,155,158,164,160,156,158,169,168,166,164,171,161,161,170,171,163,163,153,165,167,165,166,162,166,159,166,158,164,154,154,178,161,169,161,173,158,164,162,160,164,167,166,160,160,160,157,158,159,160,159,160,153,165,159,164,154,151,165,163,171,165,164,156,167,164,158,173,165,159,161,170,151,166,170,157,165,151,156,162,165,165,158,164,161,168,167,156,156,163,157,161,177,157,163,162,169,165,158,165,154,157,156,160,160,158,171,150,169,163,165,161,158,151,169,166,168,161,166,161,158,159,162,169,165,177,161,162,157,167,165,152,159,164,159,175,158,172,161,164,158,165,172,159,163,164,158,156,155,162,156,161,162,152,158,165,160,146,164,169,166,159,166,165,172,171,172,164,176,169,162,160,169,180,166,156,163,156,164,159,149,161,159,170,155,165,157,155,160,155,165,165,174,170,166,172,157,156,163,168,162,168,160,155,160,165,164,155,157,154,156,172,157,166,154,169,165,161,158,160,161,165,161,155,163,168,169,162,166,162,161,158,172,159,157,172,174,168,166,154,161,154,153,165,169,154,163,165,165,169,158,165,156,160,167,162,158,155,158,163,163,156,168,171,163,165,165,156,159,165,158,161,162,162,158,164,169,164,159,159,166,163,172,173,155,170,162,162,159,155,153,155,164,149,176,161,165,157,158,167,163,162,155,174,157,170,164,165,169,158,161,165,154,163,165,154,160,157,167,172,163,158,173,161,165,152,165,149,155,170,154,167,165,165,174,164,165,160,164,163,156,165,163,164,159,160,161,165,159,152,165,159,166,150,162,169,172,170,181,162,163,157,154,157,163,148,166,169,162,168,158,163,166,168,158,156,151,172,166,156,165,170,164,160,163,169,168,153,169,153,156,161,171,165,168,161,166,158,170,170,169,167,160,167,163,157,158,154,160,165,163,164,171,168,164,162,155,153,167,148,159,160,165,159,177,167,155,163,166,155,154,155,171,164,160,156,160,170,168,166,169,172,158,151,171,161,160,156,171,156,163,159,156,157,163,163,158,148,169,167,158,153,151,170,159,163,163,163,159,158,170,155,153,174,164,161,160,170,157,174,157,159,171,165,162,162,160
37;23;11;1589,1595,1588,1598,1580,1600,1583,1595,1595,1572,1599,1591,1590,1592,1596,1586,1596,1578,1597,1591,1600,1591,1597,1586,1570,1593,1582,1594,1606,1590,1595,1608,1579,1589,1585,1592,1591,1588,1589,1587,1602,1596,1585,1601,1582,1586,1594,1585,1587,1591,1584,1587,1587,1583,1576,1603,1586,1597,1593,1593,1597,1582,1592,1595,1579,1583,1589,1599,1596,1589,1584,1587,1592,1589,1586,1585,1584,1572,1588,1578,1585,1591,1603,1604,1613,1594,1603,1594,1591,1590,1588,1595,1587,1589,1588,1595,1596,1589,1587,1582,1597,1581,1592,1587,1597,1587,1578,1581,1572,1600,1592,1588,1611,1589,1575,1587,1599,1600,1597,1575,1597,1602,1567,1588,1592,1592,1585,1591,1593,1585,1581,1599,1604,1600,1608,1610,1610,1601,1600,1592,1593,1579,1591,1587,1607,1609,1607,1612,1599,1588,1605,1601,1601,1600,1596,1599,1591,1584,1578,1609,1596,1589,1593,1600,1608,1590,1599,1573,1564,1584,1588,1584,1589,1600,1576,1591,1589,1585,1593,1602,1584,1597,1584,1581,1599,1589,1593,1588,1585,1587,1579,1581,1588,1587,1581,1578,1587,1600,1606,1581,1587,1583,1584,1584,1591,1597,1599,1580,1588,1603,1594,1582,1599,1583,1583,1614,1581,1591,1592,1596,1580,1579,1564,1587,1574,1587,1592,1598,1613,1601,1590,1587,1592,1603,1593,1601,1591,1588,1595,1590,1606,1607,1589,1593,1608,1591,1590,1597,1594,1603,1582,1601,1604,1598,1595,1562,1586,1593,1597,1570,1578,1584,1594,1605,1570,1589,1584,1606,1592,1588,1589,1599,1608,1603,1607,1609,1595,1581,1587,1592,1583,1584,1581,1607,1589,1581,1575,1578,1590,1597,1592,1602,1591,1590,1591,1598,1598,1585,1605,1588,1586,1587,1596,1611,1593,1595,1579,1595,1588,1583,1592,1591,1588,1579,1584,1595,1602,1581,1575,1596,1588,1578,1591,1594,1586,1599,1597,1579,1595,1594,1596,1599,1602,1582,1591,1579,1586,1597,1592,1598,1592,1590,1588,1586,1602,1600,1610,1589,1586,1597,1585,1584,1587,1622,1600,1594,1583,1601,1590,1592,1585,1580,1588,1578,1587,1586,1599,1582,1587,1586,1579,1598,1608,1600,1588,1597,1591,1579,1580,1591,1611,1601,1603,1607,1596,1590,1591,1579,1608,1599,1592,1597,1597,1607,1598,1603,1607,1594,1595,1593,1591,1601,1603,1589,1586,1582,1596,1607,1599,1581,1591,1601,1587,1553,1590,1576,1566,1582,1563,1583,1583,1587,1581,1604,1583,1580,1601,1592,1581,1584,1580,1584,1596,1582,1592,1589,1587,1582,1589,1597,1591,1581,1594,1578,1583,1593,1588,1596,1603,1588,1593,1599,1601,1602,1600,1598,1607,1603,1587,1597,1586,1582,1591,1588,1578,1584,1579,1572,1574,1579,1593,1597,1591,1605,1605,1587,1596,1591,1596,1584,1593,1580,1601,1598,1595,1598,1595,1600,1586,1589,1589,1596,1596,1592,1605,1593,1605,1579,1596,1593,1590,1602,1586,1608,1599,1589,1588,1594,1607,1588,1594,1592,1596,1591,1596,1596,1576,1580,1600,1600,1596,1613,1605,1593,1576,1601,1595,1599,1600,1595,1611,1602,1611,1599,1602,1603,1592,1579,1585,1597,1601,1579,1595,1592,1584,1593,1584,1596,1585,1597,1579,1584,1587,1581,1589,1585,1585,1578,1593,1596,1589,1577,1588,1598,1586,1586,1566,1559,1573,1583,1582,1576,1584,1587,1589,1585,1599,1597,1595,1579,1589,1587,1579,1592,1595,1598,1588,1585,1593,1584,1584,1590,1581,1595,1591,1581,1593,1568,1573,1589,1604
11;30;19;1482,1469,1466,1475,1475,1468,1458,1457,1465,1466,1485,1462,1446,1456,1453,1471,1472,1451,1469,1452,1472,1458,1477,1468,1475,1477,1458,1451,1455,1462,1466,1471,1456,1467,1470,1471,1477,1467,1468,1458,1471,1466,1460,1476,1464,1478,1469,1471,1476,1470,1477,1462,1458,1474,1460,1452,1450,1480,1463,1477,1453,1472,1462,1468,1480,1470,1452,1449,1472,1463,1460,1464,1467,1475,1444,1477,1471,1450,1440,1455,1460,1460,1467,1464,1478,1465,1461,1459,1470,1482,1469,1465,1459,1465,1477,1466,1477,1447,1455,1453,1449,1447,1480,1457,1467,1464,1466,1471,1457,1460,1473,1470,1480,1447,1446,1455,1450,1459,1454,1454,1453,1448,1468,1453,1459,1452,1445,1471,1471,1485,1466,1463,1458,1473,1461,1472,1470,1458,1456,1457,1450,1463,1464,1473,1460,1464,1473,1469,1472,1461,1465,1464,1469,1470,1452,1471,1474,1484,1472,1476,1455,1471,1462,1456,1461,1481,1458,1458,1473,1468,1469,1458,1462,1474,1461,1458,1466,1467,1463,1486,1478,1477,1458,1455,1456,1473,1473,1459,1474,1488,1465,1470,1464,1466,1476,1452,1454,1468,1474,1450,1464,1466,1464,1443,1470,1467,1465,1470,1471,1477,1466,1463,1469,1465,1461,1476,1471,1462,1459,1452,1471,1461,1457,1475,1477,1465,1461,1464,1460,1457,1457,1465,1459,1446,1451,1465,1451,1472,1464,1482,1483,1485,1466,1466,1490,1468,1464,1462,1450,1473,1457,1468,1470,1454,1463,1456,1447,1434,1461,1437,1444,1464,1461,1450,1443,1456,1462,1472,1452,1466,1464,1468,1477,1474,1470,1469,1479,1475,1472,1471,1467,1453,1462,1469,1468,1471,1470,1477,1457,1464,1467,1460,1463,1472,1469,1462,1467,1453,1467,1453,1453,1451,1475,1466,1462,1476,1463,1455,1464,1483,1458,1446,1455,1455,1459,1460,1470,1465,1475,1486,1482,1468,1474,1471,1461,1468,1456,1462,1455,1458,1462,1475,1465,1480,1466,1472,1449,1456,1468,1469,1470,1471,1464,1455,1460,1466,1462,1443,1463,1475,1469,1470,1452,1453,1468,1460,1466,1448,1474,1467,1454,1469,1477,1456,1452,1465,1473,1462,1473,1479,1447,1460,1462,1463,1460,1483,1480,1473,1472,1462,1470,1446,1452,1458,1473,1453,1463,1465,1474,1471,1470,1459,1479,1471,1454,1467,1462,1461,1475,1473,1472,1469,1468,1473,1467,1479,1461,1470,1468,1455,1454,1459,1472,1417,1487,1471,1463,1466,1466,1469,1476,1471,1470,1478,1475,1473,1488,1475,1463,1471,1469,1460,1459,1457,1455,1459,1451,1439,1461,1451,1462,1455,1440,1446,1445,1466,1454,1462,1472,1445,1452,1465,1457,1472,1465,1454,1457,1472,1464,1463,1462,1470,1464,1476,1461,1465,1473,1482,1476,1478,1463,1475,1456,1452,1464,1462,1471,1462,1465,1463,1477,1458,1449,1470,1462,1465,1465,1462,1478,1469,1459,1445,1456,1468,1462,1459,1457,1465,1467,1481,1474,1475,1473,1469,1458,1475,1470,1467,1452,1454,1465,1475,1469,1463,1471,1474,1462,1457,1460,1464,1459,1466,1477,1458,1486,1463,1459,1463,1450,1469,1460,1462,1459,1457,1471,1475,1462,1466,1463,1482,1466,1444,1460,1447,1456,1465,1468,1457,1466,1469,1460,1461,1460,1462,1467,1450,1443,1460,1456,1479,1486,1468,1464,1464,1467,1462,1462,1472,1474,1460,1479,1467,1456,1483,1463,1466,1485,1486,1477,1478,1465,1457,1462,1467,1465,1471,1463,1454,1457,1460,1473,1489,1461,1468,1466,1474,1472,1463,1470,1445,1464
9;37;1;0,0,0,0,0,0,0,0,0,0,0,0,0,0,0,0,0,0,0,0,0,0,0,0,0,0,0,0,0,0,0,0,0,0,0,0,0,0,0,0,0,0,0,0,0,0,0,0,0,0,0,0,0,0,0,0,0,0,0,0,0,0,0,0,0,0,0,0,0,0,0,0,0,0,0,0,0,0,0,0,0,0,0,0,0,0,0,0,0,0,0,0,0,0,0,0,0,0,0,0,0,0,0,0,0,0,0,0,0,0,0,0,0,0,0,0,0,0,0,0,0,0,0,0,0,0,0,0,0,0,0,0,0,0,0,0,0,0,0,0,0,0,0,0,0,0,0,0,0,0,0,0,0,0,0,0,0,0,0,0,0,0,0,0,0,0,0,0,0,0,0,0,0,0,0,0,0,0,0,0,0,0,0,0,0,0,0,0,0,0,0,0,0,0,0,0,0,0,0,0,0,0,0,0,0,0,0,0,0,0,0,0,0,0,0,0,0,0,0,0,0,0,0,0,0,0,0,0,0,0,0,0,0,0,0,0,0,0,0,0,0,0,0,0,0,0,0,0,0,0,0,0,0,0,0,0,0,0,0,0,0,0,0,0,0,0,0,0,0,0,0,0,0,0,0,0,0,0,0,0,0,0,0,0,0,0,0,0,0,0,0,0,0,0,0,0,0,0,0,0,0,0,0,0,0,0,0,0,0,0,0,0,0,0,0,0,0,0,0,0,0,0,0,0,0,0,0,0,0,0,0,0,0,0,0,0,0,0,0,0,0,0,0,0,0,0,0,0,0,0,0,0,0,0,0,0,0,0,0,0,0,0,0,0,0,0,0,0,0,0,0,0,0,0,0,0,0,0,0,0,0,0,0,0,0,0,0,0,0,0,0,0,0,0,0,0,0,0,0,0,0,0,0,0,0,0,0,0,0,0,0,0,0,0,0,0,0,0,0,0,0,0,0,0,0,0,0,0,0,0,0,0,0,0,0,0,0,0,0,0,0,0,0,0,0,0,0,0,0,0,0,0,0,0,0,0,0,0,0,0,0,0,0,0,0,0,0,0,0,0,0,0,0,0,0,0,0,0,0,0,0,0,0,0,0,0,0,0,0,0,0,0,0,0,0,0,0,0,0,0,0,0,0,0,0,0,0,0,0,0,0,0,0,0,0,0,0,0,0,0,0,0,0,0,0,0,0,0,0,0,0,0,0,0,0,0,0,0,0,0,0,0,0,0,0,0,0,0,0,0,0,0,0,0,0,0,0,0,0,0,0,0,0,0,0,0,0,0,0,0,0,0,0,0,0,0,0,0,0,0,0,0,0,0,0,0,0,0,0,0,0,0,0,0,0,0,0,0,0,0,0
17;29;55;540,534,533,501,522,516,512,521,526,528,532,507,515,513,512,511,524,528,507,515,525,527,534,522,513,509,520,516,525,522,511,501,523,502,499,513,506,529,507,517,518,513,518,521,521,511,509,528,510,519,523,511,532,511,517,505,510,511,518,512,517,502,514,507,495,502,517,510,544,522,528,526,521,519,531,518,513,510,500,488,495,518,512,510,529,513,522,531,519,517,512,510,525,532,502,524,517,526,513,512,507,514,500,503,508,506,511,511,508,496,535,526,521,530,530,505,505,504,518,530,516,536,522,525,527,516,516,511,510,509,521,525,529,527,523,519,516,515,522,520,505,503,518,520,511,522,517,531,507,531,522,520,524,505,512,514,521,510,514,517,520,515,503,511,523,521,526,522,507,502,499,506,510,486,506,499,502,508,522,540,524,514,513,509,531,497,502,510,505,508,527,528,519,524,520,509,510,520,518,516,522,508,510,514,512,521,512,528,524,511,528,532,520,516,514,510,525,515,518,510,515,513,517,512,527,515,520,527,514,535,510,517,518,522,513,507,516,498,511,531,513,520,531,532,525,528,520,514,514,520,516,523,534,525,515,517,528,531,507,526,511,510,508,502,502,509,499,502,506,507,504,511,513,523,511,517,523,518,524,519,516,514,529,514,514,518,526,520,531,533,510,517,521,518,526,522,520,528,520,505,508,520,506,500,502,516,510,521,518,509,520,522,517,499,515,518,504,522,508,522,508,506,508,505,507,514,515,525,510,506,513,507,527,511,517,516,511,518,509,512,500,522,515,520,522,530,512,509,523,527,519,508,514,526,514,519,516,514,514,521,515,514,519,519,520,506,507,507,501,513,523,508,519,520,516,517,527,537,533,513,526,544,524,521,520,522,506,511,510,511,509,527,515,518,534,520,511,517,521,514,518,525,524,520,524,503,515,512,517,524,532,530,514,535,523,507,498,503,491,498,509,514,512,522,521,521,514,518,524,514,521,514,515,510,521,525,516,512,502,511,514,510,515,511,509,502,511,523,525,524,519,499,523,512,518,537,508,520,507,515,499,528,525,518,510,522,508,520,514,523,516,513,515,508,511,509,524,511,517,514,518,505,510,521,521,514,520,517,520,523,517,509,512,504,520,508,507,518,520,517,528,526,511,515,502,515,525,511,511,509,508,507,519,510,518,528,518,509,506,498,509,519,514,530,535,525,523,509,505,505,509,501,513,522,514,536,530,526,530,530,522,534,524,522,508,499,511,519,514,520,521,516,515,517,517,513,506,496,505,513,517,521,513,521,512,519,525,525,525,516,509,513,509,507,503,511,514,522,516,515,523,535,523,525,523,525,525,507,507,500,507,501,507,508,512,511,524,533,517,530,526
25;0;42;0,0,0,0,0,0,0,0,0,0,0,0,0,0,0,0,0,0,0,0,0,0,0,0,0,0,0,0,0,0,0,0,0,0,0,0,0,0,0,0,0,0,0,0,0,0,0,0,0,0,0,0,0,0,0,0,0,0,0,0,0,0,0,0,0,0,0,0,0,0,0,0,0,0,0,0,0,0,0,0,0,0,0,0,0,0,0,0,0,0,0,0,0,0,0,0,0,0,0,0,0,0,0,0,0,0,0,0,0,0,0,0,0,0,0,0,0,0,0,0,0,0,0,0,0,0,0,0,0,0,0,0,0,0,0,0,0,0,0,0,0,0,0,0,0,0,0,0,0,0,0,0,0,0,0,0,0,0,0,0,0,0,0,0,0,0,0,0,0,0,0,0,0,0,0,0,0,0,0,0,0,0,0,0,0,0,0,0,0,0,0,0,0,0,0,0,0,0,0,0,0,0,0,0,0,0,0,0,0,0,0,0,0,0,0,0,0,0,0,0,0,0,0,0,0,0,0,0,0,0,0,0,0,0,0,0,0,0,0,0,0,0,0,0,0,0,0,0,0,0,0,0,0,0,0,0,0,0,0,0,0,0,0,0,0,0,0,0,0,0,0,0,0,0,0,0,0,0,0,0,0,0,0,0,0,0,0,0,0,0,0,0,0,0,0,0,0,0,0,0,0,0,0,0,0,0,0,0,0,0,0,0,0,0,0,0,0,0,0,0,0,0,0,0,0,0,0,0,0,0,0,0,0,0,0,0,0,0,0,0,0,0,0,0,0,0,0,0,0,0,0,0,0,0,0,0,0,0,0,0,0,0,0,0,0,0,0,0,0,0,0,0,0,0,0,0,0,0,0,0,0,0,0,0,0,0,0,0,0,0,0,0,0,0,0,0,0,0,0,0,0,0,0,0,0,0,0,0,0,0,0,0,0,0,0,0,0,0,0,0,0,0,0,0,0,0,0,0,0,0,0,0,0,0,0,0,0,0,0,0,0,0,0,0,0,0,0,0,0,0,0,0,0,0,0,0,0,0,0,0,0,0,0,0,0,0,0,0,0,0,0,0,0,0,0,0,0,0,0,0,0,0,0,0,0,0,0,0,0,0,0,0,0,0,0,0,0,0,0,0,0,0,0,0,0,0,0,0,0,0,0,0,0,0,0,0,0,0,0,0,0,0,0,0,0,0,0,0,0,0,0,0,0,0,0,0,0,0,0,0,0,0,0,0,0,0,0,0,0,0,0,0,0,0,0,0,0,0,0,0,0,0,0,0,0,0,0,0,0,0,0,0,0,0,0,0,0,0,0,0,0,0,0,0,0,0,0,0,0,0,0,0,0,0,0,0,0,0,0,0,0
